Email,CreatedAt,SKU,Quantity
belita.jagels@gmail.com,1/1/2024 21:00,XPB-3348-ZC,7
belita.jagels@gmail.com,1/1/2024 21:00,XVH-8524-KB,5
belita.jagels@gmail.com,1/1/2024 21:00,KSV-8906-B,4
wylma.halwill@hotmail.com,1/1/2024 21:00,TYZ-9168-W,5
wylma.halwill@hotmail.com,1/1/2024 21:00,ERC-7179-P,4
colette.harron@juno.com,1/1/2024 21:00,WNF-2527-V,3
lauralee.gabby@wanadoo.fr,1/1/2024 21:00,NAS-8907-JE,5
lauralee.gabby@wanadoo.fr,1/1/2024 21:00,XOQ-1592-SM,3
dylan.pedrocchi@yahoo.fr,1/1/2024 21:00,RZH-7025-T,7
dylan.pedrocchi@yahoo.fr,1/1/2024 21:00,XOQ-1592-SM,1
dylan.pedrocchi@yahoo.fr,1/1/2024 21:00,KXX-3245-WN,4
othilie.farguhar@gmail.com,1/1/2024 21:00,DYP-5541-QT,3
othilie.farguhar@gmail.com,1/1/2024 21:00,XPB-3348-ZC,1
othilie.farguhar@gmail.com,1/1/2024 21:00,MQQ-2316-X,5
alyssa.gurnell@hotmail.com,1/1/2024 21:00,BNK-0858-X,2
alyssa.gurnell@hotmail.com,1/1/2024 21:00,DYP-5541-QT,10
alyssa.gurnell@hotmail.com,1/1/2024 21:00,MQQ-2316-X,2
lizzie.rope@hotmail.com,1/1/2024 21:00,EHX-4023-MK,2
masha.pietruszka@outlook.com,1/1/2024 21:00,ERC-7179-P,1
masha.pietruszka@outlook.com,1/1/2024 21:00,DYP-5541-QT,7
masha.pietruszka@outlook.com,1/1/2024 21:00,XVH-8524-KB,3
belita.jagels@gmail.com,1/1/2024 23:00,EHX-4023-MK,3
belita.jagels@gmail.com,1/1/2024 23:00,NAS-8907-JE,5
belita.jagels@gmail.com,1/1/2024 23:00,XOQ-1592-SM,3
giulia.davys@optusnet.com.au,1/3/2024 17:41,SFK-1659-VV,8
rickey.yegorshin@msn.com,1/4/2024 9:54,TYZ-9168-W,5
eustacia.onowlan@yahoo.com,1/5/2024 0:02,MQQ-2316-X,1
eustacia.onowlan@yahoo.com,1/5/2024 0:02,XPB-3348-ZC,6
giulia.davys@optusnet.com.au,1/5/2024 12:10,XOQ-1592-SM,3
iorgos.kitching@yahoo.com,1/6/2024 7:59,SFK-1659-VV,5
iorgos.kitching@yahoo.com,1/6/2024 7:59,WNF-2527-V,5
iorgos.kitching@yahoo.com,1/6/2024 7:59,KSV-8906-B,6
wang.ditzel@hotmail.fr,1/7/2024 13:17,RZH-7025-T,7
wang.ditzel@hotmail.fr,1/7/2024 13:17,IGD-7657-A,3
waldemar.lorriman@hotmail.com,1/7/2024 15:25,DYP-5541-QT,7
tildy.stopper@yahoo.com,1/7/2024 23:27,MSO-1685-X,7
aeriel.staner@hotmail.co.uk,1/8/2024 15:18,DYP-5541-QT,3
rowen.turneaux@hotmail.com,1/8/2024 22:34,ERC-7179-P,4
drucill.purches@hotmail.co.uk,1/9/2024 6:28,UWF-2924-EN,7
ker.prichard@gmail.com,1/9/2024 22:23,XVH-8524-KB,3
winne.zoppie@gmail.com,1/10/2024 8:04,UVO-2757-D,6
sky.simmank@yahoo.com,1/10/2024 13:13,NTN-0344-IY,1
rowen.turneaux@hotmail.com,1/11/2024 3:50,XPB-3348-ZC,1
susannah.loch@hotmail.com,1/11/2024 16:02,MQQ-2316-X,6
gal.crosthwaite@gmail.com,1/12/2024 0:09,WNF-2527-V,3
annnora.vink@gmail.com,1/12/2024 13:48,TYZ-9168-W,1
annnora.vink@gmail.com,1/12/2024 13:48,UUR-7782-WJ,7
colette.harron@juno.com,1/12/2024 20:59,MSO-1685-X,7
tildy.stopper@yahoo.com,1/12/2024 21:01,MQQ-2316-X,5
fanya.mcgowing@wanadoo.fr,1/12/2024 22:15,SFK-1659-VV,7
fanya.mcgowing@wanadoo.fr,1/12/2024 22:15,IGD-7657-A,4
fanya.mcgowing@wanadoo.fr,1/12/2024 22:15,MSO-1685-X,3
lizzie.rope@hotmail.com,1/12/2024 22:54,UUR-7782-WJ,6
alyssa.gurnell@hotmail.com,1/15/2024 21:06,STV-9652-KV,7
kali.handslip@aim.com,1/16/2024 20:01,RZH-7025-T,6
joanne.maudlen@yahoo.com,1/19/2024 0:16,NAS-8907-JE,4
nyssa.scowen@yahoo.com,1/19/2024 7:16,UUR-7782-WJ,3
kimbell.beckhouse@yahoo.com,1/19/2024 9:42,XOQ-1592-SM,3
kimbell.beckhouse@yahoo.com,1/19/2024 9:42,KXX-3245-WN,6
kimbell.beckhouse@yahoo.com,1/19/2024 9:42,UUX-2269-TW,8
rosabelle.maccorkell@gmail.com,1/20/2024 6:46,MQQ-2316-X,6
rosabelle.maccorkell@gmail.com,1/20/2024 6:46,STV-9652-KV,7
donnie.blamire@gmail.com,1/20/2024 12:20,NAS-8907-JE,5
rowen.turneaux@hotmail.com,1/21/2024 11:08,HQX-3039-RG,2
rowen.turneaux@hotmail.com,1/21/2024 11:08,RZH-7025-T,6
rowen.turneaux@hotmail.com,1/21/2024 11:08,TYZ-9168-W,5
sky.simmank@yahoo.com,1/21/2024 14:58,ETS-2684-QF,5
kimbell.beckhouse@yahoo.com,1/22/2024 0:48,HQX-3039-RG,2
sky.simmank@yahoo.com,1/22/2024 6:27,RZH-7025-T,6
annnora.vink@gmail.com,1/22/2024 8:21,BNK-0858-X,2
merridie.davidzon@hotmail.com,1/22/2024 12:19,DYP-5541-QT,4
annnora.vink@gmail.com,1/24/2024 9:11,NAS-8907-JE,3
annnora.vink@gmail.com,1/24/2024 9:11,MSO-1685-X,3
annnora.vink@gmail.com,1/24/2024 9:11,EKQ-8307-EM,6
rosabelle.maccorkell@gmail.com,1/25/2024 0:38,LPM-3141-M,5
rosabelle.maccorkell@gmail.com,1/25/2024 0:38,SJF-6950-D,7
giulia.davys@optusnet.com.au,1/25/2024 5:45,TAC-5245-EZ,2
giulia.davys@optusnet.com.au,1/25/2024 5:45,IGD-7657-A,6
ker.prichard@gmail.com,1/26/2024 15:09,RZH-7025-T,6
broddy.lean@yahoo.com,1/26/2024 16:43,EKQ-8307-EM,4
lauralee.gabby@wanadoo.fr,1/27/2024 16:38,XPB-3348-ZC,6
lauralee.gabby@wanadoo.fr,1/27/2024 16:38,UUR-7782-WJ,3
katuscha.harkins@terra.com.br,1/27/2024 16:58,JUE-2708-A,4
katuscha.harkins@terra.com.br,1/27/2024 16:58,SFK-1659-VV,4
katuscha.harkins@terra.com.br,1/27/2024 16:58,IGD-7657-A,7
danit.luciani@gmail.com,1/28/2024 1:11,ZTS-4029-MW,2
danit.luciani@gmail.com,1/28/2024 1:11,UUX-2269-TW,6
danit.luciani@gmail.com,1/28/2024 1:11,UUR-7782-WJ,2
courtenay.nelles@aol.com,1/28/2024 3:02,XOQ-1592-SM,3
sky.simmank@yahoo.com,1/28/2024 10:38,TAC-5245-EZ,2
joanne.maudlen@yahoo.com,1/28/2024 20:59,DYP-5541-QT,10
rabi.demougeot@ymail.com,1/30/2024 1:38,IGD-7657-A,5
rabi.demougeot@ymail.com,1/30/2024 1:38,BNK-0858-X,7
sky.simmank@yahoo.com,1/30/2024 6:10,MSO-1685-X,7
sky.simmank@yahoo.com,1/30/2024 6:10,XOQ-1592-SM,6
sky.simmank@yahoo.com,1/30/2024 6:10,UWF-2924-EN,3
chiquita.hinckley@hotmail.fr,1/31/2024 8:40,UUR-7782-WJ,2
chiquita.hinckley@hotmail.fr,1/31/2024 8:40,NAS-8907-JE,3
chiquita.hinckley@hotmail.fr,1/31/2024 8:40,WNL-9232-CT,3
belita.jagels@gmail.com,2/1/2024 14:06,RZH-7025-T,7
rickey.yegorshin@msn.com,2/2/2024 5:33,EKQ-8307-EM,1
rickey.yegorshin@msn.com,2/2/2024 5:33,NTN-0344-IY,7
rickey.yegorshin@msn.com,2/2/2024 5:33,SFK-1659-VV,8
drucill.purches@hotmail.co.uk,2/3/2024 15:06,TYZ-9168-W,5
zorana.calcutt@yahoo.com,2/3/2024 18:55,PWX-7978-OZ,5
collete.cruz@hotmail.com,2/3/2024 21:31,HQX-3039-RG,2
norene.follit@gmail.com,2/3/2024 22:51,UUR-7782-WJ,6
hermione.broughton@hotmail.com,2/4/2024 8:33,RZH-7025-T,1
clyde.wilne@telenet.be,2/4/2024 11:05,NAS-8907-JE,4
clyde.wilne@telenet.be,2/4/2024 11:05,ETS-2684-QF,6
clyde.wilne@telenet.be,2/4/2024 11:05,STV-9652-KV,5
aeriel.staner@hotmail.co.uk,2/4/2024 12:58,BNK-0858-X,2
elna.descoffier@hotmail.com,2/4/2024 15:28,LPM-3141-M,5
sky.simmank@yahoo.com,2/7/2024 4:24,IGD-7657-A,6
shawn.steedman@yahoo.com,2/7/2024 16:49,NAS-8907-JE,1
shawn.steedman@yahoo.com,2/7/2024 16:49,EHX-4023-MK,4
helli.hilling@gmail.com,2/8/2024 18:40,EHX-4023-MK,2
ophelie.deveral@yahoo.com,2/9/2024 7:32,DYP-5541-QT,4
rosabelle.maccorkell@gmail.com,2/9/2024 13:43,KXX-3245-WN,4
joanne.maudlen@yahoo.com,2/10/2024 6:21,ZBB-3080-B,7
joanne.maudlen@yahoo.com,2/10/2024 6:21,JUE-2708-A,5
joanne.maudlen@yahoo.com,2/10/2024 6:21,UWF-2924-EN,6
arlena.brimming@hotmail.com,2/10/2024 21:11,XPB-3348-ZC,6
horatia.peris@yahoo.com,2/11/2024 14:16,EHX-4023-MK,3
kimbell.beckhouse@yahoo.com,2/11/2024 14:49,EKQ-8307-EM,4
kimbell.beckhouse@yahoo.com,2/11/2024 14:49,PWX-7978-OZ,5
kimbell.beckhouse@yahoo.com,2/11/2024 14:49,UUX-2269-TW,1
gal.crosthwaite@gmail.com,2/12/2024 3:40,SJF-6950-D,7
giulia.davys@optusnet.com.au,2/12/2024 10:24,UUX-2269-TW,1
arlena.brimming@hotmail.com,2/13/2024 12:13,MSO-1685-X,7
jenine.ennion@yahoo.com,2/13/2024 19:46,JWS-7787-FI,4
hermione.broughton@hotmail.com,2/14/2024 14:44,NTN-0344-IY,1
joanne.maudlen@yahoo.com,2/15/2024 1:02,XPB-3348-ZC,7
lauralee.gabby@wanadoo.fr,2/15/2024 21:04,CMF-0731-JD,2
lauralee.gabby@wanadoo.fr,2/15/2024 21:04,XOQ-1592-SM,4
wylma.halwill@hotmail.com,2/16/2024 15:22,UWF-2924-EN,7
kali.handslip@aim.com,2/17/2024 10:00,OTU-5962-ID,3
kali.handslip@aim.com,2/17/2024 10:00,STV-9652-KV,6
jenine.ennion@yahoo.com,2/17/2024 19:04,UUR-7782-WJ,3
lina.eglin@yahoo.com,2/19/2024 11:34,SFK-1659-VV,7
elise.zammett@gmail.com,2/19/2024 14:05,NAS-8907-JE,5
elise.zammett@gmail.com,2/19/2024 14:45,XVH-8524-KB,6
iorgos.kitching@yahoo.com,2/19/2024 14:45,XVH-8524-KB,1
iorgos.kitching@yahoo.com,2/19/2024 14:45,EKQ-8307-EM,5
iorgos.kitching@yahoo.com,2/19/2024 14:45,UUX-2269-TW,8
danit.luciani@gmail.com,2/20/2024 0:01,XOQ-1592-SM,6
sky.simmank@yahoo.com,2/22/2024 2:49,IGD-7657-A,4
alyssa.gurnell@hotmail.com,2/22/2024 16:59,XVH-8524-KB,5
gustav.colecrough@yahoo.com,2/23/2024 15:47,EKQ-8307-EM,1
dayle.reely@yahoo.com,2/24/2024 6:21,UWF-2924-EN,3
rowen.turneaux@hotmail.com,2/25/2024 15:04,ERC-7179-P,1
vite.robun@live.com,2/27/2024 16:04,IGD-7657-A,3
lizzie.rope@hotmail.com,2/29/2024 3:23,KSV-8906-B,4
rowen.turneaux@hotmail.com,3/3/2024 7:25,NTN-0344-IY,7
,,,
